Country,Date,"Cumulative no. of confirmed, probable and suspected cases","Cumulative no. of confirmed, probable and suspected deaths",Temperature,Rainfall,Relative_Humidity
Guinea,2014-08-29,648.0,430.0,25.2,1.0,86
Guinea,2014-09-05,812.0,517.0,25.0,4.3,86
Guinea,2014-09-08,862.0,555.0,24.4,13.3,87
Guinea,2014-09-12,861.0,557.0,25.0,1.6,84
Guinea,2014-09-16,936.0,595.0,24.0,55.6,91
Guinea,2014-09-18,942.0,601.0,23.9,16.1,91
Guinea,2014-09-22,1008.0,632.0,25.0,15.8,87
Guinea,2014-09-24,1022.0,635.0,25.2,5.1,86
Guinea,2014-09-26,1074.0,648.0,24.8,25.7,86
Guinea,2014-10-01,1157.0,710.0,25.5,4.3,85
Guinea,2014-10-03,1199.0,739.0,24.8,3.7,88
Guinea,2014-10-08,1298.0,768.0,25.6,2.0,84
Guinea,2014-10-10,1350.0,778.0,25.7,1.6,84
Guinea,2014-10-15,1472.0,843.0,25.6,0.0,85
Guinea,2014-10-17,1519.0,862.0,26.3,1.9,85
Guinea,2014-10-22,1540.0,904.0,26.0,3.6,84
Guinea,2014-10-25,1553.0,926.0,25.5,5.1,86
Guinea,2014-10-29,1906.0,997.0,25.5,9.6,85
Guinea,2014-10-31,1667.0,1018.0,25.6,7.9,85
Guinea,2014-11-05,1731.0,1041.0,25.7,1.9,85
Guinea,2014-11-07,1760.0,1054.0,26.4,11.0,85
Guinea,2014-11-12,1878.0,1142.0,26.3,0.8,85
Guinea,2014-11-14,1919.0,1166.0,26.2,3.5,84
Guinea,2014-11-19,1971.0,1192.0,25.4,8.0,85
Guinea,2014-11-21,2047.0,1214.0,25.5,2.6,85
Guinea,2014-11-26,2134.0,1260.0,26.4,0.6,82
Guinea,2014-12-01,2155.0,1312.0,25.4,6.4,85
Guinea,2014-12-03,2164.0,1327.0,26.3,0.0,81
Guinea,2014-12-10,2292.0,1428.0,26.3,0.1,84
Guinea,2014-12-15,2394.0,1518.0,25.7,0.0,76
Guinea,2014-12-17,2416.0,1525.0,25.7,0.0,78
Guinea,2014-12-22,2571.0,1586.0,25.4,0.0,79
Guinea,2014-12-23,2597.0,1607.0,25.4,0.0,78
Guinea,2014-12-24,2597.0,1607.0,25.6,0.0,80
Guinea,2014-12-26,2630.0,1654.0,25.5,0.0,85
Guinea,2014-12-29,2695.0,1697.0,25.6,0.0,62
Guinea,2014-12-30,2706.0,1708.0,25.0,0.0,74
Guinea,2014-12-31,2707.0,1709.0,24.8,0.0,78
Guinea,2015-01-02,2730.0,1739.0,24.9,0.0,75
Guinea,2015-01-05,2769.0,1767.0,25.1,0.0,75
Guinea,2015-01-06,2775.0,1781.0,25.1,0.0,72
Guinea,2015-01-07,2775.0,1781.0,24.8,0.0,81
Guinea,2015-01-08,2776.0,1786.0,24.7,0.0,78
Guinea,2015-01-09,2793.0,1797.0,24.8,0.0,80
Guinea,2015-01-12,2799.0,1807.0,25.0,0.0,78
Guinea,2015-01-13,2799.0,1807.0,24.9,0.0,78
Guinea,2015-01-14,2806.0,1814.0,24.8,0.0,78
Guinea,2015-01-15,2817.0,1821.0,24.6,0.0,79
Guinea,2015-01-16,2825.0,1829.0,24.8,0.0,82
Guinea,2015-01-19,2873.0,1875.0,25.0,0.0,81
Guinea,2015-01-20,2871.0,1876.0,25.3,0.0,82
Guinea,2015-01-21,2871.0,1876.0,24.9,0.0,82
Guinea,2015-01-22,2873.0,1879.0,25.6,0.0,77
Guinea,2015-01-23,2873.0,1880.0,26.3,0.0,73
Guinea,2015-01-26,2909.0,1906.0,25.9,0.0,78
Guinea,2015-01-27,2917.0,1910.0,25.9,0.0,79
Guinea,2015-01-28,2917.0,1910.0,25.9,0.0,79
Guinea,2015-01-29,2921.0,1911.0,25.5,0.0,82
Guinea,2015-01-30,2920.0,1913.0,25.4,0.0,80
Guinea,2015-02-02,2959.0,1937.0,26.3,0.0,67
Guinea,2015-02-03,2975.0,1944.0,25.7,0.0,73
Guinea,2015-02-04,2975.0,1944.0,25.3,0.0,75
Guinea,2015-02-05,2986.0,1947.0,25.4,0.0,76
Guinea,2015-02-06,2988.0,1957.0,25.5,0.0,77
Guinea,2015-02-10,3044.0,1995.0,25.7,0.0,80
Guinea,2015-02-11,3044.0,1995.0,25.7,0.0,79
Guinea,2015-02-12,3068.0,2018.0,25.2,0.0,77
Guinea,2015-02-13,3081.0,2032.0,25.6,0.0,77
Guinea,2015-02-16,3101.0,2052.0,26.0,1.1,79
Guinea,2015-02-17,3108.0,2057.0,25.9,0.0,74
Guinea,2015-02-18,3108.0,2057.0,25.3,0.0,77
Guinea,2015-02-19,3115.0,2067.0,25.3,0.0,77
Guinea,2015-02-20,3120.0,2072.0,25.8,0.0,73
Guinea,2015-02-23,3155.0,2086.0,26.0,0.0,77
Guinea,2015-02-25,3155.0,2091.0,25.8,0.0,70
Guinea,2015-02-26,3175.0,2101.0,25.1,0.0,74
Guinea,2015-02-27,3190.0,2113.0,25.0,0.0,77
Guinea,2015-03-02,3205.0,2127.0,25.5,0.0,74
Guinea,2015-03-04,3205.0,2127.0,24.9,0.0,78
Guinea,2015-03-05,3237.0,2141.0,25.3,0.0,76
Guinea,2015-03-06,3248.0,2147.0,25.8,0.0,70
Guinea,2015-03-10,3285.0,2170.0,26.6,0.0,66
Guinea,2015-03-11,3285.0,2170.0,26.9,0.0,70
Guinea,2015-03-12,3330.0,2187.0,26.2,0.0,78
Guinea,2015-03-13,3331.0,2192.0,26.1,0.0,77
Guinea,2015-03-16,3373.0,2216.0,26.1,0.0,79
Guinea,2015-03-17,3389.0,2224.0,26.0,0.0,74
Guinea,2015-03-18,3389.0,2224.0,26.2,0.6,76
Guinea,2015-03-20,3404.0,2241.0,26.1,0.0,77
Guinea,2015-03-23,3420.0,2261.0,25.6,0.0,77
Guinea,2015-03-24,3429.0,2263.0,26.8,0.0,64
Guinea,2015-03-25,3429.0,2263.0,25.5,0.0,73
Guinea,2015-03-26,3459.0,2273.0,24.8,0.0,72
Guinea,2015-03-27,3466.0,2276.0,25.0,0.0,66
Guinea,2015-04-07,3515.0,2333.0,25.8,0.0,77
Guinea,2015-04-09,3515.0,2335.0,26.8,0.0,66
Guinea,2015-04-13,3541.0,2342.0,26.4,0.0,80
Guinea,2015-04-14,3548.0,2346.0,26.6,0.0,77
Guinea,2015-04-15,3548.0,2346.0,26.3,0.0,74
Guinea,2015-04-16,3566.0,2348.0,26.3,0.0,77
Guinea,2015-04-17,3569.0,2351.0,26.3,0.0,80
Guinea,2015-04-20,3565.0,2357.0,25.9,0.0,78
Guinea,2015-04-21,3565.0,2358.0,26.1,0.0,78
Guinea,2015-04-22,3565.0,2358.0,26.0,0.4,77
Guinea,2015-04-23,3568.0,2362.0,26.2,0.0,79
Guinea,2015-04-24,3576.0,2365.0,25.9,0.0,80
Guinea,2015-04-27,3585.0,2374.0,26.5,0.0,80
Guinea,2015-04-28,3584.0,2377.0,26.6,2.7,80
Guinea,2015-04-30,3581.0,2381.0,26.7,0.0,79
Guinea,2015-05-01,3578.0,2383.0,27.0,0.6,82
Guinea,2015-05-04,3591.0,2385.0,26.6,0.0,80
Guinea,2015-05-05,3589.0,2386.0,26.5,0.0,82
Guinea,2015-05-06,3589.0,2386.0,26.8,0.9,83
Guinea,2015-05-07,3592.0,2387.0,26.7,0.2,83
Guinea,2015-05-08,3592.0,2387.0,26.8,0.0,80
Guinea,2015-05-11,3599.0,2391.0,26.9,0.9,81
Guinea,2015-05-12,3597.0,2392.0,27.2,0.9,80
Guinea,2015-05-13,3599.0,2391.0,26.7,6.9,83
Guinea,2015-05-14,3615.0,2399.0,27.0,0.3,82
Guinea,2015-05-15,3619.0,2401.0,27.3,0.4,83
Guinea,2015-05-18,3626.0,2405.0,26.1,8.5,87
Guinea,2015-05-19,3635.0,2407.0,26.5,3.3,86
Guinea,2015-05-20,3635.0,2407.0,27.0,0.2,83
Guinea,2015-05-21,3649.0,2409.0,26.6,0.6,85
Guinea,2015-05-22,3647.0,2412.0,26.7,1.2,83
Guinea,2015-05-25,3640.0,2418.0,26.7,2.4,83
Guinea,2015-05-26,3641.0,2420.0,26.9,6.7,84
Guinea,2015-05-27,3641.0,2420.0,27.4,1.0,83
Guinea,2015-05-28,3639.0,2423.0,27.1,1.8,83
Guinea,2015-05-29,3644.0,2425.0,26.5,13.1,84
Guinea,2015-06-01,3653.0,2428.0,27.1,2.4,83
Guinea,2015-06-02,3652.0,2429.0,25.9,5.5,87
Guinea,2015-06-03,3652.0,2429.0,26.1,4.5,85
Guinea,2015-06-04,3657.0,2431.0,26.0,7.0,85
Guinea,2015-06-05,3664.0,2431.0,25.7,8.2,85
Guinea,2015-06-08,3669.0,2435.0,26.5,2.9,86
Guinea,2015-06-09,3670.0,2437.0,25.9,9.1,85
Guinea,2015-06-10,3670.0,2437.0,25.7,8.8,85
Guinea,2015-06-11,3674.0,2440.0,25.7,1.8,85
Guinea,2015-06-12,3677.0,2440.0,26.4,1.7,85
Guinea,2015-06-15,3677.0,2443.0,25.7,4.5,84
Guinea,2015-06-16,3678.0,2444.0,25.6,4.3,85
Guinea,2015-06-17,3674.0,2444.0,25.5,5.8,85
Guinea,2015-06-18,3675.0,2445.0,25.3,10.0,87
Guinea,2015-06-19,3674.0,2446.0,25.4,18.9,86
Guinea,2015-06-22,3698.0,2456.0,25.4,3.9,86
Guinea,2015-06-23,3718.0,2473.0,25.1,11.3,87
Guinea,2015-06-24,3718.0,2473.0,25.5,5.1,84
Guinea,2015-06-25,3718.0,2480.0,26.0,4.6,83
Guinea,2015-06-26,3720.0,2480.0,26.0,3.8,84
Guinea,2015-06-29,3724.0,2482.0,24.7,7.7,89
Guinea,2015-06-30,3729.0,2482.0,25.0,2.3,87
Guinea,2015-07-01,3729.0,2482.0,25.3,6.1,85
Guinea,2015-07-02,3745.0,2490.0,25.5,4.7,84
Guinea,2015-07-03,3750.0,2492.0,26.3,4.5,83
Guinea,2015-07-06,3744.0,2498.0,25.6,18.2,86
Guinea,2015-07-07,3748.0,2499.0,25.5,7.1,86
Guinea,2015-07-08,3748.0,2499.0,25.4,10.4,87
Guinea,2015-07-09,3744.0,2505.0,25.2,7.5,86
Guinea,2015-07-10,3751.0,2505.0,24.3,38.3,91
Guinea,2015-07-13,3754.0,2506.0,25.6,7.1,85
Guinea,2015-07-14,3760.0,2506.0,25.4,6.9,86
Guinea,2015-07-15,3760.0,2506.0,25.4,10.5,86
Guinea,2015-07-16,3762.0,2506.0,24.9,12.3,87
Guinea,2015-07-17,3770.0,2509.0,25.2,8.0,85
Guinea,2015-07-20,3784.0,2511.0,25.2,5.7,87
Guinea,2015-07-21,3783.0,2512.0,24.8,15.4,88
Guinea,2015-07-22,3783.0,2512.0,24.7,8.7,88
Guinea,2015-07-23,3788.0,2516.0,24.6,11.0,88
Guinea,2015-07-24,3787.0,2517.0,24.7,3.3,86
Guinea,2015-07-27,3792.0,2519.0,23.8,117.3,91
Guinea,2015-07-28,3786.0,2520.0,24.2,56.2,86
Guinea,2015-07-29,3786.0,2520.0,24.7,4.3,79
Guinea,2015-07-30,3785.0,2521.0,24.0,10.6,87
Guinea,2015-07-31,3781.0,2521.0,24.1,16.1,87
Guinea,2015-08-03,3786.0,2522.0,24.7,14.8,88
Guinea,2015-08-04,3784.0,2522.0,23.9,43.6,93
Guinea,2015-08-05,3784.0,2522.0,25.0,10.4,87
Guinea,2015-08-06,3792.0,2524.0,24.8,4.2,88
Guinea,2015-08-07,3795.0,2524.0,25.1,3.6,88
Guinea,2015-08-10,3791.0,2524.0,24.2,127.2,90
Guinea,2015-08-11,3787.0,2524.0,24.6,14.6,88
Guinea,2015-08-12,3787.0,2524.0,24.4,15.9,90
Guinea,2015-08-13,3792.0,2524.0,25.5,4.1,85
Guinea,2015-08-14,3791.0,2524.0,25.5,6.9,86
Guinea,2015-08-17,3790.0,2524.0,24.8,34.0,88
Guinea,2015-08-18,3786.0,2524.0,25.3,3.0,84
Guinea,2015-08-19,3786.0,2524.0,24.8,18.3,88
Guinea,2015-08-20,3792.0,2526.0,24.4,84.8,91
Guinea,2015-08-21,3795.0,2526.0,25.2,44.4,88
Guinea,2015-08-24,3790.0,2527.0,25.3,4.3,86
Guinea,2015-08-25,3792.0,2527.0,25.6,6.8,86
Guinea,2015-08-26,3792.0,2527.0,24.5,17.3,90
Guinea,2015-08-27,3797.0,2528.0,25.2,5.8,86
Guinea,2015-08-28,3797.0,2528.0,25.0,16.1,88
Guinea,2015-08-31,3790.0,2528.0,25.1,0.8,78
Guinea,2015-09-01,3792.0,2529.0,24.4,16.1,85
Guinea,2015-09-02,3792.0,2529.0,25.3,6.0,85
Guinea,2015-09-03,3792.0,2529.0,24.4,16.5,90
Guinea,2015-09-04,3792.0,2529.0,24.6,6.2,88
Guinea,2015-09-07,3793.0,2530.0,24.2,142.2,90
Guinea,2015-09-08,3792.0,2530.0,25.4,75.8,86
Guinea,2015-09-09,3792.0,2530.0,25.8,17.8,86
Guinea,2015-09-10,3791.0,2530.0,24.4,12.6,89
Guinea,2015-09-11,3791.0,2530.0,25.0,63.6,86
Guinea,2015-09-14,3793.0,2530.0,25.0,14.1,88
Guinea,2015-09-15,3792.0,2530.0,24.5,18.2,89
Guinea,2015-09-16,3792.0,2530.0,24.4,19.9,89
Guinea,2015-09-17,3794.0,2530.0,25.4,0.7,84
Guinea,2015-09-18,3794.0,2531.0,25.7,6.0,85
Guinea,2015-09-21,3797.0,2532.0,25.5,2.8,87
Guinea,2015-09-22,3800.0,2532.0,25.2,12.7,88
Guinea,2015-09-23,3800.0,2532.0,24.6,83.6,89
Guinea,2015-09-24,3801.0,2533.0,25.8,1.1,83
Guinea,2015-09-25,3797.0,2533.0,26.5,4.3,82
Guinea,2015-09-28,3805.0,2533.0,24.7,15.4,89
Guinea,2015-09-29,3805.0,2533.0,25.0,10.4,87
Guinea,2015-09-30,3805.0,2533.0,25.3,2.2,86
Guinea,2015-10-01,3808.0,2533.0,25.4,17.0,86
Guinea,2015-10-02,3809.0,2533.0,26.0,0.8,84
Guinea,2015-10-05,3804.0,2534.0,25.9,11.8,86
Guinea,2015-10-06,3804.0,2534.0,25.0,28.9,88
Guinea,2015-10-07,3804.0,2534.0,25.2,5.8,86
Guinea,2015-10-08,3799.0,2534.0,26.3,4.5,83
Guinea,2015-10-09,3800.0,2534.0,25.8,4.2,86
Guinea,2015-10-13,3800.0,2534.0,26.0,7.2,84
Guinea,2015-10-15,3802.0,2534.0,25.6,2.0,85
Guinea,2015-10-16,3804.0,2535.0,25.9,2.6,86
Guinea,2015-10-20,3803.0,2535.0,24.9,31.9,88
Guinea,2015-10-22,3801.0,2535.0,25.9,7.7,84
Guinea,2015-10-23,3801.0,2535.0,26.6,5.7,83
Guinea,2015-10-26,3804.0,2535.0,25.9,3.2,85
Guinea,2015-10-27,3806.0,2535.0,25.7,13.4,86
Guinea,2015-10-29,3808.0,2536.0,26.1,10.3,85
Guinea,2015-10-30,3808.0,2536.0,25.6,7.9,87
Guinea,2015-11-03,3810.0,2536.0,25.9,2.3,84
Guinea,2015-11-05,3805.0,2536.0,26.4,5.9,85
Guinea,2015-11-06,3805.0,2536.0,25.8,2.4,86
Guinea,2015-11-10,3805.0,2536.0,25.8,6.5,86
Guinea,2015-11-11,3805.0,2536.0,25.6,9.2,84
Guinea,2015-11-12,3805.0,2536.0,25.9,2.2,84
Guinea,2015-11-16,3805.0,2536.0,26.6,0.3,83
Guinea,2015-11-17,3804.0,2536.0,26.4,0.7,83
Guinea,2015-11-20,3804.0,2536.0,27.0,0.0,82
Guinea,2015-11-24,3804.0,2536.0,26.4,5.8,81
Guinea,2015-11-26,3804.0,2536.0,27.2,0.2,82
Guinea,2015-12-01,3804.0,2536.0,27.0,0.1,81
Guinea,2015-12-02,3804.0,2536.0,26.7,0.0,80
Guinea,2015-12-03,3805.0,2536.0,26.6,0.0,80
Guinea,2015-12-09,3804.0,2536.0,26.5,0.0,78
Guinea,2015-12-10,3804.0,2536.0,26.2,0.0,80
Guinea,2015-12-11,3804.0,2536.0,26.0,0.0,82
Guinea,2015-12-15,3807.0,2536.0,26.2,0.0,75
Guinea,2015-12-16,3807.0,2536.0,26.1,0.0,77
Guinea,2015-12-17,3805.0,2536.0,25.8,0.0,77
Guinea,2015-12-22,3804.0,2536.0,26.2,0.0,74
Guinea,2015-12-23,3804.0,2536.0,26.2,0.0,75
Guinea,2015-12-29,3804.0,2536.0,26.0,0.0,50
Guinea,2016-03-23,3804.0,2536.0,27.0,0.0,71
Sierra Leone,2014-08-29,1026.0,422.0,25.4,3.0,82
Sierra Leone,2014-09-05,1261.0,491.0,25.4,1.0,82
Sierra Leone,2014-09-08,1361.0,509.0,24.7,4.8,85
Sierra Leone,2014-09-12,1424.0,524.0,25.1,1.5,79
Sierra Leone,2014-09-16,1620.0,562.0,24.5,16.9,87
Sierra Leone,2014-09-18,1673.0,562.0,24.2,19.0,87
Sierra Leone,2014-09-22,1813.0,593.0,24.8,17.8,88
Sierra Leone,2014-09-24,1940.0,597.0,25.3,6.5,82
Sierra Leone,2014-09-26,2021.0,605.0,24.9,18.0,85
Sierra Leone,2014-10-01,2304.0,622.0,25.6,4.6,82
Sierra Leone,2014-10-03,2437.0,623.0,25.0,11.1,84
Sierra Leone,2014-10-08,2789.0,879.0,25.6,4.2,82
Sierra Leone,2014-10-10,2950.0,930.0,25.9,1.7,82
Sierra Leone,2014-10-15,3252.0,1183.0,25.5,8.4,84
Sierra Leone,2014-10-17,3410.0,1200.0,26.2,2.3,82
Sierra Leone,2014-10-22,3706.0,1259.0,25.9,2.4,84
Sierra Leone,2014-10-25,3896.0,1281.0,25.5,5.9,85
Sierra Leone,2014-10-29,5235.0,1500.0,25.8,7.1,83
Sierra Leone,2014-10-31,5338.0,1510.0,25.6,9.7,83
Sierra Leone,2014-11-05,4759.0,1070.0,25.7,4.1,82
Sierra Leone,2014-11-07,4862.0,1130.0,26.2,0.9,84
Sierra Leone,2014-11-12,5368.0,1169.0,26.2,1.6,82
Sierra Leone,2014-11-14,5586.0,1187.0,26.1,3.1,82
Sierra Leone,2014-11-19,6073.0,1250.0,25.8,5.4,80
Sierra Leone,2014-11-21,6190.0,1267.0,25.7,3.5,83
Sierra Leone,2014-11-26,6599.0,1398.0,26.6,0.1,79
Sierra Leone,2014-12-01,7109.0,1530.0,25.5,1.8,84
Sierra Leone,2014-12-03,7312.0,1583.0,25.9,5.5,82
Sierra Leone,2014-12-10,7897.0,1768.0,26.5,1.0,82
Sierra Leone,2014-12-15,8273.0,2033.0,26.4,0.0,77
Sierra Leone,2014-12-17,8356.0,2085.0,26.5,0.0,77
Sierra Leone,2014-12-22,8939.0,2556.0,26.1,0.0,79
Sierra Leone,2014-12-23,9004.0,2582.0,26.1,0.0,77
Sierra Leone,2014-12-24,9004.0,2582.0,26.2,1.0,80
Sierra Leone,2014-12-26,9203.0,2655.0,26.4,0.0,83
Sierra Leone,2014-12-29,9409.0,2732.0,25.7,0.0,64
Sierra Leone,2014-12-30,9446.0,2758.0,26.0,0.0,76
Sierra Leone,2014-12-31,9446.0,2758.0,25.8,0.0,78
Sierra Leone,2015-01-02,9633.0,2827.0,25.7,0.0,78
Sierra Leone,2015-01-05,9772.0,2915.0,25.6,0.0,81
Sierra Leone,2015-01-06,9780.0,2943.0,25.4,0.0,81
Sierra Leone,2015-01-07,9780.0,2943.0,25.4,0.0,80
Sierra Leone,2015-01-08,10030.0,2977.0,25.2,0.0,81
Sierra Leone,2015-01-09,10030.0,2977.0,25.5,0.0,81
Sierra Leone,2015-01-12,10094.0,3049.0,25.4,0.0,81
Sierra Leone,2015-01-13,10094.0,3049.0,25.2,0.0,84
Sierra Leone,2015-01-14,10124.0,3062.0,25.3,0.0,80
Sierra Leone,2015-01-15,10150.0,3067.0,25.2,0.0,82
Sierra Leone,2015-01-16,10186.0,3083.0,25.6,0.0,83
Sierra Leone,2015-01-19,10306.0,3132.0,25.6,0.0,81
Sierra Leone,2015-01-20,10340.0,3145.0,25.7,0.2,82
Sierra Leone,2015-01-21,10340.0,3145.0,25.4,2.3,84
Sierra Leone,2015-01-22,10362.0,3153.0,25.6,7.5,83
Sierra Leone,2015-01-23,10400.0,3159.0,26.2,0.4,81
Sierra Leone,2015-01-26,10491.0,3195.0,26.4,0.7,79
Sierra Leone,2015-01-27,10518.0,3199.0,25.9,1.6,82
Sierra Leone,2015-01-28,10518.0,3199.0,26.2,0.0,79
Sierra Leone,2015-01-29,10537.0,3207.0,26.2,0.0,80
Sierra Leone,2015-01-30,10561.0,3216.0,25.9,0.0,83
Sierra Leone,2015-02-02,10707.0,3274.0,26.5,0.0,71
Sierra Leone,2015-02-03,10740.0,3276.0,26.1,0.0,72
Sierra Leone,2015-02-04,10740.0,3276.0,25.5,0.0,75
Sierra Leone,2015-02-05,10756.0,3286.0,25.6,0.0,77
Sierra Leone,2015-02-06,10792.0,3301.0,25.9,0.0,77
Sierra Leone,2015-02-10,10934.0,3341.0,26.3,0.0,78
Sierra Leone,2015-02-11,10934.0,3341.0,26.2,0.0,79
Sierra Leone,2015-02-12,10954.0,3350.0,25.7,0.0,77
Sierra Leone,2015-02-13,10987.0,3363.0,25.6,0.0,75
Sierra Leone,2015-02-16,11074.0,3401.0,25.3,11.9,84
Sierra Leone,2015-02-17,11103.0,3408.0,25.8,0.0,81
Sierra Leone,2015-02-18,11103.0,3408.0,25.7,0.0,80
Sierra Leone,2015-02-19,11155.0,3423.0,25.5,0.0,81
Sierra Leone,2015-02-20,11155.0,3423.0,25.4,0.0,80
Sierra Leone,2015-02-23,11155.0,3423.0,25.6,0.2,82
Sierra Leone,2015-02-25,11301.0,3461.0,25.5,0.0,80
Sierra Leone,2015-02-26,11341.0,3479.0,25.1,0.0,79
Sierra Leone,2015-02-27,11370.0,3490.0,25.3,0.0,79
Sierra Leone,2015-03-02,11443.0,3530.0,25.1,0.0,79
Sierra Leone,2015-03-04,11443.0,3530.0,25.0,0.0,82
Sierra Leone,2015-03-05,11497.0,3565.0,25.1,0.0,83
Sierra Leone,2015-03-06,11517.0,3576.0,25.3,0.0,76
Sierra Leone,2015-03-10,11619.0,3629.0,25.7,0.0,74
Sierra Leone,2015-03-11,11619.0,3629.0,26.1,0.0,77
Sierra Leone,2015-03-12,11677.0,3655.0,25.7,0.0,80
Sierra Leone,2015-03-13,11696.0,3663.0,25.8,0.0,80
Sierra Leone,2015-03-16,11742.0,3687.0,25.9,0.0,85
Sierra Leone,2015-03-17,11751.0,3691.0,25.7,0.0,83
Sierra Leone,2015-03-18,11751.0,3691.0,25.6,4.2,82
Sierra Leone,2015-03-20,11794.0,3712.0,26.1,0.0,80
Sierra Leone,2015-03-23,11829.0,3742.0,25.4,0.0,80
Sierra Leone,2015-03-24,11841.0,3747.0,25.5,0.0,77
Sierra Leone,2015-03-25,11841.0,3747.0,24.7,0.0,77
Sierra Leone,2015-03-26,11866.0,3764.0,24.3,0.0,74
Sierra Leone,2015-03-27,11889.0,3773.0,24.7,0.0,74
Sierra Leone,2015-04-07,12139.0,3832.0,25.5,0.1,84
Sierra Leone,2015-04-09,12155.0,3841.0,26.1,0.0,77
Sierra Leone,2015-04-13,12188.0,3854.0,26.4,1.0,85
Sierra Leone,2015-04-14,12201.0,3857.0,26.1,0.1,84
Sierra Leone,2015-04-15,12201.0,3857.0,26.0,0.0,82
Sierra Leone,2015-04-16,12223.0,3865.0,26.3,0.9,80
Sierra Leone,2015-04-17,12244.0,3865.0,26.3,0.6,83
Sierra Leone,2015-04-20,12256.0,3872.0,26.4,0.6,82
Sierra Leone,2015-04-21,12265.0,3877.0,26.5,0.4,83
Sierra Leone,2015-04-22,12267.0,3877.0,26.4,0.0,82
Sierra Leone,2015-04-23,12294.0,3885.0,26.7,0.1,81
Sierra Leone,2015-04-24,12313.0,3886.0,26.4,0.0,84
Sierra Leone,2015-04-27,12362.0,3895.0,26.4,4.0,84
Sierra Leone,2015-04-28,12371.0,3899.0,26.5,5.1,82
Sierra Leone,2015-04-30,12387.0,3901.0,26.8,0.0,81
Sierra Leone,2015-05-01,12398.0,3901.0,27.2,5.8,82
Sierra Leone,2015-05-04,12426.0,3902.0,26.0,13.7,86
Sierra Leone,2015-05-05,12440.0,3903.0,26.5,3.7,84
Sierra Leone,2015-05-06,12440.0,3903.0,26.4,12.5,84
Sierra Leone,2015-05-07,12470.0,3904.0,26.6,6.6,85
Sierra Leone,2015-05-08,12492.0,3904.0,26.9,1.0,85
Sierra Leone,2015-05-11,12519.0,3904.0,27.0,0.5,79
Sierra Leone,2015-05-12,12523.0,3904.0,27.1,3.7,80
Sierra Leone,2015-05-13,12519.0,3904.0,26.8,22.5,82
Sierra Leone,2015-05-14,12536.0,3904.0,27.4,6.0,79
Sierra Leone,2015-05-15,12540.0,3904.0,27.6,3.3,78
Sierra Leone,2015-05-18,12593.0,3906.0,26.4,15.2,84
Sierra Leone,2015-05-19,12632.0,3907.0,26.2,11.8,85
Sierra Leone,2015-05-20,12632.0,3907.0,27.1,7.8,83
Sierra Leone,2015-05-21,12656.0,3907.0,26.7,5.2,83
Sierra Leone,2015-05-22,12666.0,3907.0,27.2,6.6,79
Sierra Leone,2015-05-25,12696.0,3908.0,26.8,8.8,81
Sierra Leone,2015-05-26,12706.0,3908.0,26.6,20.3,83
Sierra Leone,2015-05-27,12706.0,3908.0,27.1,10.3,83
Sierra Leone,2015-05-28,12735.0,3911.0,27.0,2.3,82
Sierra Leone,2015-05-29,12745.0,3911.0,26.2,20.0,85
Sierra Leone,2015-06-01,12816.0,3911.0,26.9,5.1,82
Sierra Leone,2015-06-02,12827.0,3912.0,25.8,4.1,85
Sierra Leone,2015-06-03,12827.0,3912.0,25.8,9.5,85
Sierra Leone,2015-06-04,12850.0,3912.0,25.5,14.0,87
Sierra Leone,2015-06-05,12859.0,3912.0,25.5,28.6,83
Sierra Leone,2015-06-08,12884.0,3913.0,26.3,2.9,84
Sierra Leone,2015-06-09,12901.0,3915.0,25.4,16.2,86
Sierra Leone,2015-06-10,12901.0,3915.0,25.4,8.1,84
Sierra Leone,2015-06-11,12911.0,3917.0,25.7,6.6,84
Sierra Leone,2015-06-12,12932.0,3917.0,26.4,1.0,82
Sierra Leone,2015-06-15,12962.0,3919.0,25.6,8.4,83
Sierra Leone,2015-06-16,12965.0,3919.0,25.2,3.6,87
Sierra Leone,2015-06-17,12965.0,3919.0,25.4,6.9,83
Sierra Leone,2015-06-18,12990.0,3922.0,24.8,16.6,87
Sierra Leone,2015-06-19,13012.0,3926.0,25.4,8.0,84
Sierra Leone,2015-06-22,13051.0,3928.0,25.2,13.0,84
Sierra Leone,2015-06-23,13059.0,3928.0,24.9,10.4,87
Sierra Leone,2015-06-24,13059.0,3928.0,25.2,7.4,84
Sierra Leone,2015-06-25,13083.0,3931.0,26.0,3.9,79
Sierra Leone,2015-06-26,13093.0,3931.0,25.8,3.0,81
Sierra Leone,2015-06-29,13115.0,3932.0,25.0,26.9,85
Sierra Leone,2015-06-30,13119.0,3932.0,25.3,9.6,83
Sierra Leone,2015-07-01,13119.0,3932.0,25.6,6.2,82
Sierra Leone,2015-07-02,13129.0,3933.0,25.4,4.8,83
Sierra Leone,2015-07-03,13135.0,3935.0,26.3,2.0,80
Sierra Leone,2015-07-06,13150.0,3940.0,25.4,15.1,85
Sierra Leone,2015-07-07,13155.0,3940.0,24.9,32.9,89
Sierra Leone,2015-07-08,13155.0,3940.0,25.2,5.7,85
Sierra Leone,2015-07-09,13169.0,3941.0,25.4,10.3,83
Sierra Leone,2015-07-10,13177.0,3941.0,23.9,70.2,93
Sierra Leone,2015-07-13,13201.0,3946.0,25.4,3.3,85
Sierra Leone,2015-07-14,13209.0,3947.0,24.6,29.0,89
Sierra Leone,2015-07-15,13209.0,3947.0,25.3,9.9,84
Sierra Leone,2015-07-16,13209.0,3947.0,24.7,17.6,86
Sierra Leone,2015-07-17,13209.0,3947.0,24.8,25.1,87
Sierra Leone,2015-07-20,13241.0,3949.0,25.0,17.9,85
Sierra Leone,2015-07-21,13250.0,3949.0,25.0,15.8,84
Sierra Leone,2015-07-22,13250.0,3949.0,24.8,13.6,84
Sierra Leone,2015-07-23,13262.0,3949.0,24.2,26.4,89
Sierra Leone,2015-07-24,13264.0,3949.0,25.0,16.2,80
Sierra Leone,2015-07-27,13283.0,3951.0,23.7,30.6,89
Sierra Leone,2015-07-28,13290.0,3951.0,24.9,4.1,79
Sierra Leone,2015-07-29,13290.0,3951.0,24.7,2.3,78
Sierra Leone,2015-07-30,13379.0,3951.0,24.8,1.1,78
Sierra Leone,2015-07-31,13387.0,3951.0,24.8,0.6,78
Sierra Leone,2015-08-03,13402.0,3951.0,24.7,10.6,85
Sierra Leone,2015-08-04,13406.0,3951.0,23.7,67.6,94
Sierra Leone,2015-08-05,13406.0,3951.0,24.8,9.5,86
Sierra Leone,2015-08-06,13426.0,3951.0,24.6,6.6,89
Sierra Leone,2015-08-07,13428.0,3951.0,24.8,3.1,89
Sierra Leone,2015-08-10,13465.0,3951.0,24.6,22.5,87
Sierra Leone,2015-08-11,13470.0,3951.0,24.6,22.1,88
Sierra Leone,2015-08-12,13470.0,3951.0,24.2,19.1,89
Sierra Leone,2015-08-13,13484.0,3951.0,25.4,2.0,84
Sierra Leone,2015-08-14,13485.0,3952.0,25.5,17.1,85
Sierra Leone,2015-08-17,13489.0,3952.0,25.6,0.4,81
Sierra Leone,2015-08-18,13494.0,3952.0,25.4,1.4,82
Sierra Leone,2015-08-19,13494.0,3952.0,24.9,21.0,86
Sierra Leone,2015-08-20,13518.0,3952.0,24.1,87.5,92
Sierra Leone,2015-08-21,13533.0,3952.0,23.8,78.9,95
Sierra Leone,2015-08-24,13538.0,3952.0,25.2,19.4,86
Sierra Leone,2015-08-25,13541.0,3952.0,25.0,8.9,86
Sierra Leone,2015-08-26,13541.0,3952.0,24.9,5.9,86
Sierra Leone,2015-08-27,13582.0,3952.0,25.1,6.1,86
Sierra Leone,2015-08-28,13586.0,3952.0,24.6,23.7,90
Sierra Leone,2015-08-31,13603.0,3953.0,25.1,0.0,74
Sierra Leone,2015-09-01,13609.0,3953.0,24.5,2.0,78
Sierra Leone,2015-09-02,13609.0,3953.0,25.1,7.2,83
Sierra Leone,2015-09-03,13638.0,3953.0,24.3,109.0,91
Sierra Leone,2015-09-04,13639.0,3953.0,23.8,64.2,93
Sierra Leone,2015-09-07,13670.0,3953.0,25.0,11.6,84
Sierra Leone,2015-09-08,13683.0,3953.0,25.8,3.7,82
Sierra Leone,2015-09-09,13683.0,3953.0,25.7,10.0,85
Sierra Leone,2015-09-10,13697.0,3953.0,24.4,26.6,90
Sierra Leone,2015-09-11,13701.0,3953.0,25.7,7.3,81
Sierra Leone,2015-09-14,13747.0,3953.0,25.3,9.6,84
Sierra Leone,2015-09-15,13756.0,3953.0,24.6,12.3,88
Sierra Leone,2015-09-16,13756.0,3953.0,23.8,59.4,92
Sierra Leone,2015-09-17,13779.0,3955.0,25.2,5.1,84
Sierra Leone,2015-09-18,13785.0,3955.0,25.6,14.3,83
Sierra Leone,2015-09-21,13811.0,3955.0,25.4,3.2,86
Sierra Leone,2015-09-22,13823.0,3955.0,25.2,11.6,86
Sierra Leone,2015-09-23,13823.0,3955.0,24.3,40.8,91
Sierra Leone,2015-09-24,13846.0,3955.0,25.4,1.9,84
Sierra Leone,2015-09-25,13855.0,3955.0,26.2,10.0,82
Sierra Leone,2015-09-28,13894.0,3955.0,25.1,14.9,85
Sierra Leone,2015-09-29,13911.0,3955.0,25.0,19.0,86
Sierra Leone,2015-09-30,13911.0,3955.0,25.4,7.0,84
Sierra Leone,2015-10-01,13928.0,3955.0,25.2,23.1,86
Sierra Leone,2015-10-02,13931.0,3955.0,25.7,4.9,85
Sierra Leone,2015-10-05,13941.0,3955.0,25.7,13.6,84
Sierra Leone,2015-10-06,13945.0,3955.0,24.8,21.3,88
Sierra Leone,2015-10-07,13945.0,3955.0,25.3,5.3,83
Sierra Leone,2015-10-08,13956.0,3955.0,26.4,10.5,80
Sierra Leone,2015-10-09,13957.0,3955.0,25.1,26.7,89
Sierra Leone,2015-10-13,13982.0,3955.0,26.1,3.3,83
Sierra Leone,2015-10-15,13992.0,3955.0,24.9,14.2,90
Sierra Leone,2015-10-16,13992.0,3955.0,25.7,7.0,86
Sierra Leone,2015-10-20,14001.0,3955.0,25.1,20.3,86
Sierra Leone,2015-10-22,14031.0,3955.0,25.9,7.4,83
Sierra Leone,2015-10-23,14038.0,3955.0,26.8,0.6,81
Sierra Leone,2015-10-26,14052.0,3955.0,26.0,1.1,82
Sierra Leone,2015-10-27,14061.0,3955.0,25.7,16.3,85
Sierra Leone,2015-10-29,14066.0,3955.0,26.1,6.7,83
Sierra Leone,2015-10-30,14067.0,3955.0,25.8,12.9,84
Sierra Leone,2015-11-03,14089.0,3955.0,25.9,4.1,84
Sierra Leone,2015-11-05,14104.0,3955.0,25.6,20.5,87
Sierra Leone,2015-11-06,14109.0,3955.0,25.5,15.4,86
Sierra Leone,2015-11-10,14122.0,3955.0,25.6,10.5,85
Sierra Leone,2015-11-11,14122.0,3955.0,25.3,9.1,84
Sierra Leone,2015-11-12,14122.0,3955.0,26.1,10.4,82
Sierra Leone,2015-11-16,14122.0,3955.0,26.9,0.0,80
Sierra Leone,2015-11-17,14122.0,3955.0,26.5,1.6,80
Sierra Leone,2015-11-20,14122.0,3955.0,26.9,0.0,81
Sierra Leone,2015-11-24,14122.0,3955.0,26.7,5.0,80
Sierra Leone,2015-11-26,14122.0,3955.0,27.0,3.7,79
Sierra Leone,2015-12-01,14122.0,3955.0,27.5,0.0,77
Sierra Leone,2015-12-02,14122.0,3955.0,27.2,0.8,77
Sierra Leone,2015-12-03,14122.0,3955.0,27.4,0.0,77
Sierra Leone,2015-12-09,14122.0,3955.0,26.9,0.0,78
Sierra Leone,2015-12-10,14122.0,3955.0,26.9,0.0,75
Sierra Leone,2015-12-11,14122.0,3955.0,26.7,0.0,77
Sierra Leone,2015-12-15,14122.0,3955.0,26.4,0.3,81
Sierra Leone,2015-12-16,14122.0,3955.0,26.7,0.0,81
Sierra Leone,2015-12-17,14122.0,3955.0,26.6,0.0,77
Sierra Leone,2015-12-22,14122.0,3955.0,26.4,0.0,75
Sierra Leone,2015-12-23,14122.0,3955.0,26.6,0.0,76
Sierra Leone,2015-12-29,14122.0,3955.0,26.3,0.0,46
Sierra Leone,2016-03-23,14122.0,3955.0,27.1,0.0,73
